{
    "velocity_6h": 0.44116587637656723,
    "velocity_24h": 0.26722219181048107,
    "velocity_4w": 0.29161193181295175
}